"SITE","STOP.#","X","Y","year"
"Manuel Correlus State Forest","1",-70.6504691666667,41.4043122222222,2013
"Manuel Correlus State Forest","2",-70.6470613888889,41.3914372222222,2013
"Manuel Correlus State Forest","3",-70.6308033333333,41.4019191666667,2013
"Manuel Correlus State Forest","4",-70.6192688888889,41.3868447222222,2013
"Manuel Correlus State Forest","5",-70.6096097222222,41.4019758333333,2013
"Manuel Correlus State Forest","6",-70.5884827777778,41.3904216666667,2013
"Manuel Correlus State Forest","7",-70.586195,41.4044113888889,2013
"Manuel Correlus State Forest","8",-70.5716002777778,41.3953783333333,2013
"Manuel Correlus State Forest","9",-70.6306147222222,41.3716511111111,2013
"Manuel Correlus State Forest","10",-70.6351761111111,41.35807,2013
"CCNS - Marconi Station - Wellfleet","1",-69.9642905555556,41.8890144444444,2013
"CCNS - Marconi Station - Wellfleet","2",-69.9744702777778,41.9021125,2013
"CCNS - Marconi Station - Wellfleet","3",-69.9827269444445,41.9151841666667,2013
"CCNS - Marconi Station - Wellfleet","4",-69.9724455555556,41.9329691666667,2013
"CCNS - Marconi Station - Wellfleet","5",-69.986935,41.9454836111111,2013
"CCNS - Marconi Station - Wellfleet","6",-69.9916397222222,41.9549869444444,2013
"CCNS - Marconi Station - Wellfleet","7",-70.0072161111111,41.9489508333333,2013
"CCNS - Marconi Station - Wellfleet","8",-70.0205513888889,41.9654458333333,2013
"CCNS - Marconi Station - Wellfleet","9",-70.0261758333333,41.9725594444444,2013
"CCNS - Marconi Station - Wellfleet","10",-70.0313505555555,41.9899077777778,2013
"CCNS - Provincelands","1",-70.1923163888889,42.0685075,2013
"CCNS - Provincelands","2",-70.2102441666667,42.0739911111111,2013
"CCNS - Provincelands","3",-70.2189727777778,42.0564880555556,2013
"CCNS - Provincelands","4",-70.2209283333333,42.0446691666667,2013
"CCNS - Provincelands","5",-70.1968352777778,42.0471175,2013
"CCNS - Provincelands","6",-70.1710005555556,42.0609013888889,2013
"CCNS - Provincelands","7",-70.1428513888889,42.0618511111111,2013
"CCNS - Provincelands","8",-70.1250886111111,42.0491583333333,2013
"CCNS - Provincelands","9",-70.1105791666667,42.0549033333333,2013
"CCNS - Provincelands","10",-70.0974897222222,42.0448230555556,2013
"Massachusetts Military Reservation","1",-70.5582205555556,41.6775155555556,2013
"Massachusetts Military Reservation","2",-70.5610119444444,41.6920566666667,2013
"Massachusetts Military Reservation","3",-70.5517958333333,41.7054969444444,2013
"Massachusetts Military Reservation","4",-70.5436569444444,41.721115,2013
"Massachusetts Military Reservation","5",-70.5454419444444,41.735815,2013
"Massachusetts Military Reservation","6",-70.5242105555556,41.7328813888889,2013
"Massachusetts Military Reservation","7",-70.5064813888889,41.7268875,2013
"Massachusetts Military Reservation","8",-70.5072094444444,41.7087047222222,2013
"Massachusetts Military Reservation","9",-70.5256786111111,41.7023561111111,2013
"Massachusetts Military Reservation","10",-70.5376255555556,41.6926955555556,2013
"Orchard Street Area, Byfield","1",-71.0007716666667,42.7554861111111,2013
"Orchard Street Area, Byfield","2",-70.9868905555556,42.7692872222222,2013
"Orchard Street Area, Byfield","3",-70.9749719444444,42.7796658333333,2013
"Orchard Street Area, Byfield","4",-70.9576066666667,42.768725,2013
"Orchard Street Area, Byfield","5",-70.9444783333333,42.7618033333333,2013
"Orchard Street Area, Byfield","6",-70.9327594444444,42.7494563888889,2013
"Orchard Street Area, Byfield","7",-70.9074775,42.7573325,2013
"Orchard Street Area, Byfield","8",-70.8933213888889,42.7572591666667,2013
"Orchard Street Area, Byfield","9",-70.8712841666667,42.7695744444444,2013
"Orchard Street Area, Byfield","10",-70.8517830555555,42.7608925,2013
"Mast Road, Plymouth (Myles Standish)","1",-70.6296011111111,41.8060280555556,2013
"Mast Road, Plymouth (Myles Standish)","2",-70.6199025,41.8259322222222,2013
"Mast Road, Plymouth (Myles Standish)","3",-70.6136838888889,41.8352855555556,2013
"Mast Road, Plymouth (Myles Standish)","4",-70.6327083333333,41.8518847222222,2013
"Mast Road, Plymouth (Myles Standish)","5",-70.6238502777778,41.8673883333333,2013
"Mast Road, Plymouth (Myles Standish)","6",-70.6288930555556,41.8866708333333,2013
"Mast Road, Plymouth (Myles Standish)","7",-70.6266497222222,41.9069258333333,2013
"Mast Road, Plymouth (Myles Standish)","8",-70.6240983333333,41.9208616666667,2013
"Mast Road, Plymouth (Myles Standish)","9",-70.6113719444444,41.9307525,2013
"Mast Road, Plymouth (Myles Standish)","10",-70.5963322222222,41.9231425,2013
"Western Myles Standish SP","1",-70.6434408333333,41.8291780555556,2013
"Western Myles Standish SP","2",-70.6638988888889,41.8322866666667,2013
"Western Myles Standish SP","3",-70.6831763888889,41.8362591666667,2013
"Western Myles Standish SP","4",-70.6649327777778,41.8539775,2013
"Western Myles Standish SP","5",-70.65639,41.87268,2013
"Western Myles Standish SP","6",-70.6774019444445,41.8525347222222,2013
"Western Myles Standish SP","7",-70.6940691666667,41.8665616666667,2013
"Western Myles Standish SP","8",-70.6927127777778,41.8811169444444,2013
"Western Myles Standish SP","9",-70.6825961111111,41.8929816666667,2013
"Western Myles Standish SP","10",-70.6766683333333,41.9093655555556,2013
"Nantucket Moors","1",-70.0003933333333,41.3066930555556,2013
"Nantucket Moors","2",-69.9945502777778,41.2924022222222,2013
"Nantucket Moors","3",-69.9747727777778,41.2849708333333,2013
"Nantucket Moors","4",-69.9946844444444,41.2765186111111,2013
"Nantucket Moors","5",-70.0132594444444,41.2845875,2013
"Nantucket Moors","6",-70.0395977777778,41.2857072222222,2013
"Nantucket Moors","7",-70.0472836111111,41.2714138888889,2013
"Nantucket Moors","8",-70.0286208333333,41.2740988888889,2013
"Nantucket Moors","9",-70.0109869444444,41.2664627777778,2013
"Nantucket Moors","10",-69.9817247222222,41.2621319444444,2013
"Quabbin - Prescott","1",-72.3370711111111,42.3278494444444,2013
"Quabbin - Prescott","2",-72.3393130555556,42.3415891666667,2013
"Quabbin - Prescott","3",-72.3436325,42.3565022222222,2013
"Quabbin - Prescott","4",-72.3399275,42.3706247222222,2013
"Quabbin - Prescott","5",-72.3440041666667,42.3843505555556,2013
"Quabbin - Prescott","6",-72.3474041666667,42.3987605555556,2013
"Quabbin - Prescott","7",-72.3404780555556,42.4120575,2013
"Quabbin - Prescott","8",-72.3468494444444,42.4257666666667,2013
"Quabbin - Prescott","9",-72.3477261111111,42.4398552777778,2013
"Quabbin - Prescott","10",-72.3437877777778,42.4539794444444,2013
"Quabbin - South Quabbin","1",-72.3451275,42.2215841666667,2013
"Quabbin - South Quabbin","2",-72.331385,42.2343086111111,2013
"Quabbin - South Quabbin","3",-72.3410033333333,42.2528483333333,2013
"Quabbin - South Quabbin","4",-72.3381375,42.2687583333333,2013
"Quabbin - South Quabbin","5",-72.3508822222222,42.2794386111111,2013
"Quabbin - South Quabbin","6",-72.3323830555556,42.2991630555556,2013
"Quabbin - South Quabbin","7",-72.3123433333333,42.3025713888889,2013
"Quabbin - South Quabbin","8",-72.2945472222222,42.2980161111111,2013
"Quabbin - South Quabbin","9",-72.3087630555556,42.2862725,2013
"Quabbin - South Quabbin","10",-72.328815,42.2841705555556,2013
"Oxbow NWR (The Desert)","1",-71.4872397222222,42.3920563888889,2013
"Oxbow NWR (The Desert)","2",-71.4851533333333,42.3779391666667,2013
"Oxbow NWR (The Desert)","3",-71.4665591666667,42.3824941666667,2013
"Oxbow NWR (The Desert)","4",-71.4677230555556,42.3969302777778,2013
"Oxbow NWR (The Desert)","5",-71.4883686111111,42.4067025,2013
"Oxbow NWR (The Desert)","6",-71.4745972222222,42.4174458333333,2013
"Oxbow NWR (The Desert)","7",-71.4570225,42.4126647222222,2013
"Oxbow NWR (The Desert)","8",-71.4902691666667,42.4301472222222,2013
"Oxbow NWR (The Desert)","9",-71.4789819444444,42.4469691666667,2013
"Oxbow NWR (The Desert)","10",-71.5096130555556,42.4585841666667,2013
"Parker River NWR (Plum Island)","1",-70.8098758333333,42.7904180555556,2013
"Parker River NWR (Plum Island)","2",-70.8070138888889,42.7750063888889,2013
"Parker River NWR (Plum Island)","3",-70.8041447222222,42.7605977777778,2013
"Parker River NWR (Plum Island)","4",-70.7980897222222,42.7469508333333,2013
"Parker River NWR (Plum Island)","5",-70.7902188888889,42.7335152777778,2013
"Parker River NWR (Plum Island)","6",-70.7817477777778,42.7199638888889,2013
"Parker River NWR (Plum Island)","7",-70.7728211111111,42.706855,2013
"Douglas State Forest","1",-71.7993819444444,42.0158027777778,2013
"Douglas State Forest","2",-71.7875572222222,42.0345708333333,2013
"Douglas State Forest","3",-71.7835505555555,42.0483361111111,2013
"Douglas State Forest","4",-71.7683352777778,42.0584455555556,2013
"Douglas State Forest","5",-71.7948527777778,42.0726769444444,2013
"Douglas State Forest","6",-71.8259375,42.0962041666667,2013
"Douglas State Forest","7",-71.8414266666667,42.0829452777778,2013
"Douglas State Forest","8",-71.8499333333333,42.0699225,2013
"Douglas State Forest","9",-71.8283586111111,42.0581808333333,2013
"Douglas State Forest","10",-71.8048094444444,42.0572711111111,2013
"Mashpee/Falmouth","1",-70.5600602777778,41.6378766666667,2013
"Mashpee/Falmouth","2",-70.5542877777778,41.6178180555556,2013
"Mashpee/Falmouth","3",-70.5351686111111,41.6132105555556,2013
"Mashpee/Falmouth","4",-70.5133444444444,41.6103761111111,2013
"Mashpee/Falmouth","5",-70.4850911111111,41.6216680555556,2013
"Mashpee/Falmouth","6",-70.4847702777778,41.6063127777778,2013
"Mashpee/Falmouth","7",-70.4882636111111,41.5905683333333,2013
"Mashpee/Falmouth","8",-70.5078383333333,41.592435,2013
"Mashpee/Falmouth","9",-70.4830297222222,41.5737927777778,2013
"Mashpee/Falmouth","10",-70.5025877777778,41.5582963888889,2013
"Freetown State Forest","1",-71.0886363888889,41.7218913888889,2013
"Freetown State Forest","2",-71.0863413888889,41.7368533333333,2013
"Freetown State Forest","3",-71.0708941666667,41.7454044444444,2013
"Freetown State Forest","4",-71.0700852777778,41.7616441666667,2013
"Freetown State Forest","5",-71.0879988888889,41.7587911111111,2013
"Freetown State Forest","6",-71.0547622222222,41.7511808333333,2013
"Freetown State Forest","7",-71.0470644444444,41.7372280555556,2013
"Freetown State Forest","8",-71.0401897222222,41.7204333333333,2013
"Freetown State Forest","9",-71.0496611111111,41.7090936111111,2013
"Freetown State Forest","10",-71.0642922222222,41.7168605555556,2013
"Old Sandwich Road, Plymouth (Pine Hills)","1",-70.5457327777778,41.8248119444444,2013
"Old Sandwich Road, Plymouth (Pine Hills)","2",-70.5387880555556,41.8414436111111,2013
"Old Sandwich Road, Plymouth (Pine Hills)","3",-70.5526516666667,41.8506633333333,2013
"Old Sandwich Road, Plymouth (Pine Hills)","4",-70.5650272222222,41.8647244444444,2013
"Old Sandwich Road, Plymouth (Pine Hills)","5",-70.5791113888889,41.8733355555556,2013
"Old Sandwich Road, Plymouth (Pine Hills)","6",-70.5896030555556,41.8920822222222,2013
"Old Sandwich Road, Plymouth (Pine Hills)","7",-70.6021594444444,41.9088716666667,2013
"Old Sandwich Road, Plymouth (Pine Hills)","8",-70.6127461111111,41.9216994444444,2013
"Old Sandwich Road, Plymouth (Pine Hills)","9",-70.596725,41.9340152777778,2013
"Old Sandwich Road, Plymouth (Pine Hills)","10",-70.5718872222222,41.9233469444444,2013
"Manuel Correlus State Forest","1",-70.651,41.406,2014
"Manuel Correlus State Forest","2",-70.6471,41.3914,2014
"Manuel Correlus State Forest","3",-70.6307,41.4019,2014
"Manuel Correlus State Forest","4",-70.6211,41.3888,2014
"Manuel Correlus State Forest","5",-70.6131,41.4032,2014
"Manuel Correlus State Forest","6",-70.5906,41.3914,2014
"Manuel Correlus State Forest","7",-70.5877,41.405,2014
"Manuel Correlus State Forest","8",-70.5732,41.3964,2014
"Manuel Correlus State Forest","9",-70.6327,41.3733,2014
"Manuel Correlus State Forest","10",-70.6352,41.3581,2014
"Nashua River Floodplain: Route #1","1",-71.655,42.4696,2014
"Nashua River Floodplain: Route #1","2",-71.6709,42.474,2014
"Nashua River Floodplain: Route #1","3",-71.6851,42.4845,2014
"Nashua River Floodplain: Route #1","4",-71.6878,42.4992,2014
"Nashua River Floodplain: Route #1","5",-71.7152,42.5067,2014
"Nashua River Floodplain: Route #1","6",-71.699,42.5155,2014
"Nashua River Floodplain: Route #1","7",-71.6966,42.5337,2014
"Nashua River Floodplain: Route #1","8",-71.6777,42.5396,2014
"Nashua River Floodplain: Route #1","9",-71.6554,42.55,2014
"Nashua River Floodplain: Route #1","10",-71.6406,42.56,2014
"Nashua River Floodplain: Route #1","11",-71.6289,42.5738,2014
"Nashua River Floodplain: Route #2","1",-71.6076,42.5797,2014
"Nashua River Floodplain: Route #2","2",-71.6056,42.5659,2014
"Nashua River Floodplain: Route #2","3",-71.615,42.5522,2014
"Nashua River Floodplain: Route #2","4",-71.6266,42.5397,2014
"Nashua River Floodplain: Route #2","5",-71.631,42.525,2014
"Nashua River Floodplain: Route #2","6",-71.6124,42.5289,2014
"Nashua River Floodplain: Route #2","7",-71.6127,42.5143,2014
"Nashua River Floodplain: Route #2","8",-71.6207,42.5013,2014
"Nashua River Floodplain: Route #2","9",-71.6333,42.489,2014
"Nashua River Floodplain: Route #2","10",-71.6399,42.4764,2014
"Quabbin - Prescott","1",-72.3367,42.3279,2014
"Quabbin - Prescott","2",-72.3399,42.3419,2014
"Quabbin - Prescott","3",-72.3433,42.3562,2014
"Quabbin - Prescott","4",-72.3396,42.3708,2014
"Quabbin - Prescott","5",-72.3446,42.3847,2014
"Quabbin - Prescott","6",-72.3473,42.3988,2014
"Quabbin - Prescott","7",-72.3401,42.4119,2014
"Quabbin - Prescott","8",-72.3465,42.4254,2014
"Quabbin - Prescott","9",-72.3474,42.4393,2014
"Quabbin - Prescott","10",-72.3437,42.4538,2014
"Quabbin - South Quabbin","1",-72.3287,42.2838,2014
"Quabbin - South Quabbin","2",-72.3087,42.2861,2014
"Quabbin - South Quabbin","3",-72.2943,42.298,2014
"Quabbin - South Quabbin","4",-72.3123,42.3026,2014
"Quabbin - South Quabbin","5",-72.3326,42.2992,2014
"Quabbin - South Quabbin","6",-72.3508,42.2793,2014
"Quabbin - South Quabbin","7",-72.3379,42.2687,2014
"Quabbin - South Quabbin","8",-72.3412,42.2527,2014
"Quabbin - South Quabbin","9",-72.3315,42.2341,2014
"Quabbin - South Quabbin","10",-72.3451,42.2215,2014
"Freetown State Forest","1",-71.0902,41.7225,2014
"Freetown State Forest","2",-71.0877,41.7376,2014
"Freetown State Forest","3",-71.0749,41.7486,2014
"Freetown State Forest","4",-71.0705,41.7626,2014
"Freetown State Forest","5",-71.0897,41.7607,2014
"Freetown State Forest","6",-71.0564,41.7524,2014
"Freetown State Forest","7",-71.0494,41.7383,2014
"Freetown State Forest","8",-71.0459,41.7239,2014
"Freetown State Forest","9",-71.052,41.7102,2014
"Freetown State Forest","10",-71.0681,41.7182,2014
"Nantucket Moors","1",-70.0002,41.3067,2014
"Nantucket Moors","2",-69.9948,41.2924,2014
"Nantucket Moors","3",-69.9747,41.2849,2014
"Nantucket Moors","4",-69.9947,41.2766,2014
"Nantucket Moors","5",-70.0133,41.2845,2014
"Nantucket Moors","6",-70.0394,41.2858,2014
"Nantucket Moors","7",-70.0472,41.2714,2014
"Nantucket Moors","8",-70.0288,41.274,2014
"Nantucket Moors","9",-70.011,41.2665,2014
"Nantucket Moors","10",-69.9816,41.2621,2014
"Old Sandwich Road, Plymouth (Pine Hills)","1",-70.5483,41.826,2014
"Old Sandwich Road, Plymouth (Pine Hills)","2",-70.5404,41.8427,2014
"Old Sandwich Road, Plymouth (Pine Hills)","3",-70.5524,41.854,2014
"Old Sandwich Road, Plymouth (Pine Hills)","4",-70.5694,41.866,2014
"Old Sandwich Road, Plymouth (Pine Hills)","5",-70.5816,41.8764,2014
"Old Sandwich Road, Plymouth (Pine Hills)","6",-70.5911,41.8948,2014
"Old Sandwich Road, Plymouth (Pine Hills)","7",-70.6029,41.9106,2014
"Old Sandwich Road, Plymouth (Pine Hills)","8",-70.6151,41.9229,2014
"Old Sandwich Road, Plymouth (Pine Hills)","9",-70.5984,41.936,2014
"Old Sandwich Road, Plymouth (Pine Hills)","10",-70.5767,41.9264,2014
"Sylvester Street, Northampton","1",-72.7309,42.3764,2014
"Sylvester Street, Northampton","2",-72.7204,42.3622,2014
"Sylvester Street, Northampton","3",-72.7126,42.3486,2014
"Sylvester Street, Northampton","4",-72.7249,42.3391,2014
"Sylvester Street, Northampton","5",-72.7209,42.3247,2014
"Sylvester Street, Northampton","6",-72.7206,42.3097,2014
"Sylvester Street, Northampton","7",-72.7217,42.2949,2014
"Sylvester Street, Northampton","8",-72.7432,42.2998,2014
"Sylvester Street, Northampton","9",-72.7566,42.307,2014
"Sylvester Street, Northampton","10",-72.7546,42.3226,2014
"Drake & Sodom Mountains, Southwick","1",-72.8288,42.0761,2014
"Drake & Sodom Mountains, Southwick","2",-72.8469,42.0708,2014
"Drake & Sodom Mountains, Southwick","3",-72.8432,42.0563,2014
"Drake & Sodom Mountains, Southwick","4",-72.8577,42.0831,2014
"Drake & Sodom Mountains, Southwick","5",-72.8535,42.0971,2014
"Drake & Sodom Mountains, Southwick","6",-72.8658,42.1084,2014
"Drake & Sodom Mountains, Southwick","7",-72.8826,42.1156,2014
"Drake & Sodom Mountains, Southwick","8",-72.9027,42.1145,2014
"Drake & Sodom Mountains, Southwick","9",-72.8474,42.1111,2014
"Drake & Sodom Mountains, Southwick","10",-72.8307,42.1194,2014
"Parker River NWR","1",-70.8093,42.7902,2014
"Parker River NWR","2",-70.8068,42.775,2014
"Parker River NWR","3",-70.8044,42.7608,2014
"Parker River NWR","4",-70.7977,42.7469,2014
"Parker River NWR","5",-70.7901,42.7336,2014
"Parker River NWR","6",-70.7818,42.7201,2014
"Parker River NWR","7",-70.7729,42.707,2014
"Western Myles Standish SP","1",-70.6435,41.8293,2014
"Western Myles Standish SP","2",-70.6641,41.8323,2014
"Western Myles Standish SP","3",-70.6831,41.8363,2014
"Western Myles Standish SP","4",-70.6649,41.8539,2014
"Western Myles Standish SP","5",-70.6566,41.8725,2014
"Western Myles Standish SP","6",-70.6795,41.854,2014
"Western Myles Standish SP","7",-70.6974,41.8677,2014
"Western Myles Standish SP","8",-70.6939,41.8821,2014
"Western Myles Standish SP","9",-70.6859,41.8954,2014
"Western Myles Standish SP","10",-70.6798,41.911,2014
"Mast Road, Plymouth (Myles Standish)","1",-70.631,41.8103,2014
"Mast Road, Plymouth (Myles Standish)","2",-70.6253,41.8268,2014
"Mast Road, Plymouth (Myles Standish)","3",-70.6203,41.8404,2014
"Mast Road, Plymouth (Myles Standish)","4",-70.6236,41.8565,2014
"Mast Road, Plymouth (Myles Standish)","5",-70.6285,41.8701,2014
"Mast Road, Plymouth (Myles Standish)","6",-70.6321,41.8898,2014
"Mast Road, Plymouth (Myles Standish)","7",-70.6288,41.9092,2014
"Mast Road, Plymouth (Myles Standish)","8",-70.619,41.919,2014
"Mast Road, Plymouth (Myles Standish)","9",-70.6151,41.9321,2014
"Mast Road, Plymouth (Myles Standish)","10",-70.6022,41.9282,2014
"Spring Pond Woods","1",-70.9374,42.4964,2014
"Spring Pond Woods","2",-70.9384,42.5168,2014
"Spring Pond Woods","3",-70.9446,42.5107,2014
"Crane Beach","1",-70.7814,42.6858,2014
"Crane Beach","2",-70.7529,42.6818,2014
"Crane Beach","3",-70.7646,42.6826,2014
"Crane Beach","4",-70.7734,42.6878,2014
"Masachusetts Military Reservation","1",-70.5599,41.678,2014
"Masachusetts Military Reservation","2",-70.5604,41.6956,2014
"Masachusetts Military Reservation","3",-70.5545,41.7092,2014
"Masachusetts Military Reservation","4",-70.5478,41.7228,2014
"Masachusetts Military Reservation","5",-70.5473,41.7372,2014
"Masachusetts Military Reservation","6",-70.5264,41.7355,2014
"Masachusetts Military Reservation","7",-70.509,41.7291,2014
"Masachusetts Military Reservation","8",-70.5127,41.7144,2014
"Masachusetts Military Reservation","9",-70.5274,41.7041,2014
"Masachusetts Military Reservation","10",-70.5408,41.6933,2014
"Oxbow NWR (The Desert)","1",-71.4874,42.3921,2014
"Oxbow NWR (The Desert)","2",-71.485,42.3777,2014
"Oxbow NWR (The Desert)","3",-71.4666,42.3824,2014
"Oxbow NWR (The Desert)","4",-71.4677,42.3968,2014
"Oxbow NWR (The Desert)","5",-71.4886,42.4064,2014
"Oxbow NWR (The Desert)","6",-71.475,42.4172,2014
"Oxbow NWR (The Desert)","7",-71.457,42.4125,2014
"Oxbow NWR (The Desert)","8",-71.4901,42.4299,2014
"Oxbow NWR (The Desert)","9",-71.4794,42.4469,2014
"Oxbow NWR (The Desert)","10",-71.5095,42.4585,2014
"Quabbin - North Quabbin","1",-72.2915,42.5762,2015
"Quabbin - North Quabbin","2",-72.2742,42.5675,2015
"Quabbin - North Quabbin","3",-72.2633,42.554,2015
"Quabbin - North Quabbin","4",-72.2642,42.5393,2015
"Quabbin - North Quabbin","5",-72.2728,42.5266,2015
"Quabbin - North Quabbin","6",-72.2944,42.5276,2015
"Quabbin - North Quabbin","7",-72.3236,42.523,2015
"Quabbin - North Quabbin","8",-72.2879,42.5136,2015
"Quabbin - North Quabbin","9",-72.2742,42.5033,2015
"Quabbin - North Quabbin","10",-72.2806,42.4895,2015
"Quabbin - East Quabbin","1",-72.2471,42.4768,2015
"Quabbin - East Quabbin","2",-72.2629,42.4675,2015
"Quabbin - East Quabbin","3",-72.2451,42.4623,2015
"Quabbin - East Quabbin","4",-72.2532,42.4483,2015
"Quabbin - East Quabbin","5",-72.2345,42.447,2015
"Quabbin - East Quabbin","6",-72.2545,42.4341,2015
"Quabbin - East Quabbin","7",-72.2275,42.4221,2015
"Quabbin - East Quabbin","8",-72.2467,42.4129,2015
"Quabbin - East Quabbin","9",-72.2503,42.3986,2015
"Quabbin - East Quabbin","10",-72.2467,42.3916,2015
"Orchard Street Area, Byfield","1",-71.0029,42.7604,2015
"Orchard Street Area, Byfield","2",-70.9905,42.7713,2015
"Orchard Street Area, Byfield","3",-70.9774,42.7825,2015
"Orchard Street Area, Byfield","4",-70.9603,42.7735,2015
"Orchard Street Area, Byfield","5",-70.9479,42.763,2015
"Orchard Street Area, Byfield","6",-70.9359,42.7518,2015
"Orchard Street Area, Byfield","7",-70.9141,42.7607,2015
"Orchard Street Area, Byfield","8",-70.8954,42.7649,2015
"Orchard Street Area, Byfield","9",-70.8742,42.772,2015
"Orchard Street Area, Byfield","10",-70.8549,42.7684,2015
"Brimfield Tornado Route West","1",-72.2063,42.1093,2015
"Brimfield Tornado Route West","2",-72.2266,42.114,2015
"Brimfield Tornado Route West","3",-72.2502,42.108,2015
"Brimfield Tornado Route West","4",-72.2663,42.1038,2015
"Brimfield Tornado Route West","5",-72.2838,42.1031,2015
"Brimfield Tornado Route West","6",-72.3021,42.1002,2015
"Brimfield Tornado Route West","7",-72.3226,42.0979,2015
"Brimfield Tornado Route West","8",-72.3405,42.0971,2015
"Brimfield Tornado Route West","9",-72.3589,42.1042,2015
"Brimfield Tornado Route West","10",-72.3765,42.1098,2015
"Blue Hills","1",-71.04999,42.23973,2015
"Blue Hills","2",-71.03315,42.24182,2015
"Blue Hills","3",-71.04651,42.22833,2015
"Blue Hills","4",-71.06241,42.22257,2015
"Blue Hills","5",-71.06722,42.20905,2015
"Blue Hills","6",-71.08936,42.23571,2015
"Blue Hills","7",-71.09369,42.24311,2015
"Blue Hills","8",-71.08029,42.2183,2015
"Blue Hills","9",-71.09694,42.20958,2015
"Blue Hills","10",-71.11045,42.20664,2015
"Quabbin - East Quabbin","4",-72.2542,42.443,2016
"Quabbin - Patrill Hollow","1",-72.2502,42.3749,2016
"Quabbin - Patrill Hollow","2",-72.2769,42.385,2016
"Quabbin - Patrill Hollow","3",-72.2541,42.3566,2016
"Quabbin - Patrill Hollow","4",-72.2776,42.3481,2016
"Quabbin - Patrill Hollow","5",-72.2648,42.337,2016
"Quabbin - Patrill Hollow","6",-72.2416,42.3104,2016
"Quabbin - Patrill Hollow","7",-72.2439,42.3273,2016
"Quabbin - Patrill Hollow","8",-72.2331,42.339,2016
"Quabbin - Patrill Hollow","9",-72.2248,42.3555,2016
"Quabbin - Patrill Hollow","10",-72.2292,42.3716,2016
"Ware River Watershed","1",-72.0506,42.4369,2016
"Ware River Watershed","2",-72.0261,42.4318,2016
"Ware River Watershed","3",-72.03,42.4182,2016
"Ware River Watershed","4",-72.0166,42.4071,2016
"Ware River Watershed","5",-72.0006,42.4002,2016
"Ware River Watershed","6",-71.9959,42.382,2016
"Ware River Watershed","7",-71.9896,42.3686,2016
"Ware River Watershed","8",-72.0123,42.3713,2016
"Ware River Watershed","9",-72.0301,42.3784,2016
"Ware River Watershed","10",-72.0466,42.3948,2016
"Brimfield Tornado Route East","8",-72.2049,42.1117,2016
"Brimfield Tornado Route East","9",-72.229,42.1137,2016
"Brimfield Tornado Route East","10",-72.2484,42.1101,2016
"Douglas State Forest","1",-71.7995,42.0155,2016
"Douglas State Forest","2",-71.7878,42.0343,2016
"Douglas State Forest","3",-71.7835,42.0481,2016
"Douglas State Forest","4",-71.7685,42.0583,2016
"Douglas State Forest","5",-71.7951,42.0725,2016
"Douglas State Forest","6",-71.8257,42.0961,2016
"Douglas State Forest","7",-71.8417,42.083,2016
"Douglas State Forest","8",-71.85,42.0697,2016
"Douglas State Forest","9",-71.8284,42.0582,2016
"Douglas State Forest","10",-71.8049,42.0571,2016
"Birch Hill Dam","1",-72.0956,42.5901,2016
"Birch Hill Dam","2",-72.0926,42.6065,2016
"Birch Hill Dam","3",-72.1032,42.6199,2016
"Birch Hill Dam","4",-72.0874,42.6223,2016
"Birch Hill Dam","5",-72.0854,42.6395,2016
"Birch Hill Dam","6",-72.0929,42.6531,2016
"Birch Hill Dam","7",-72.1103,42.6674,2016
"Birch Hill Dam","8",-72.1106,42.6511,2016
"Birch Hill Dam","9",-72.104,42.6346,2016
"Birch Hill Dam","10",-72.1235,42.6302,2016
"Camp Cachalot","1",-70.6572,41.818,2016
"Camp Cachalot","2",-70.6488,41.8051,2016
"Ipswich","1",-70.7903,42.6907,2016
"Ipswich","2",-70.7656,42.6833,2016
"Ipswich","3",-70.7502,42.6752,2016
"Ipswich","4",-70.7862,42.676,2016
"Ipswich","5",-70.8101,42.6654,2016
"Ipswich","6",-70.8045,42.6526,2016
"Ipswich","7",-70.7866,42.6498,2016
"Ipswich","8",-70.8285,42.651,2016
"Ipswich","9",-70.8481,42.6497,2016
"Ipswich","10",-70.8699,42.6449,2016
"Drake & Sodom Mountains, Southwick","6",-72.865793,42.10839,2017
"Drake & Sodom Mountains, Southwick","7",-72.882612,42.115541,2017
"Drake & Sodom Mountains, Southwick","8",-72.902586,42.114471,2017
"Masachusetts Military Reservation (Camp Edwards 1)","1",-70.5599455877,41.6780918911,2017
"Masachusetts Military Reservation (Camp Edwards 1)","2",-70.5604434721,41.6954792135,2017
"Masachusetts Military Reservation (Camp Edwards 1)","3",-70.5623474347,41.7026687047,2017
"Masachusetts Military Reservation (Camp Edwards 1)","4",-70.5616130101,41.7098061046,2017
"Masachusetts Military Reservation (Camp Edwards 1)","5",-70.5604388133,41.7170971579,2017
"Masachusetts Military Reservation (Camp Edwards 1)","6",-70.5593799687,41.7241693062,2017
"Masachusetts Military Reservation (Camp Edwards 1)","7",-70.5545427796,41.7321923158,2017
"Masachusetts Military Reservation (Camp Edwards 1)","8",-70.5464428782,41.7360544473,2017
"Masachusetts Military Reservation (Camp Edwards 1)","9",-70.5403154427,41.7395530576,2017
"Masachusetts Military Reservation (Camp Edwards 1)","10",-70.5263412093,41.7355443381,2017
"Masachusetts Military Reservation (Camp Edwards 1)","11",-70.5251814833,41.7439572851,2017
"Masachusetts Military Reservation (Camp Edwards 1)","12",-70.52252,41.733969,2017
"Masachusetts Military Reservation (Camp Edwards 2)","1",-70.5477630699,41.7227589165,2017
"Masachusetts Military Reservation (Camp Edwards 2)","2",-70.5543597313,41.7092282077,2017
"Masachusetts Military Reservation (Camp Edwards 2)","3",-70.5406702597,41.693363321,2017
"Masachusetts Military Reservation (Camp Edwards 2)","4",-70.5273234199,41.7040494756,2017
"Masachusetts Military Reservation (Camp Edwards 2)","5",-70.5126752216,41.7144662938,2017
"Masachusetts Military Reservation (Camp Edwards 2)","6",-70.5089302711,41.7291185714,2017
"Masachusetts Military Reservation (Camp Edwards 2)","7",-70.5040143229,41.7353556183,2017
"Masachusetts Military Reservation (Camp Edwards 2)","8",-70.4980471019,41.7368877434,2017
"Masachusetts Military Reservation (Camp Edwards 2)","9",-70.4946458491,41.73217979,2017
"Masachusetts Military Reservation (Camp Edwards 2)","10",-70.4926912525,41.7251832746,2017
"Masachusetts Military Reservation (Camp Edwards 3)","1",-70.5549169608,41.6918330722,2017
"Masachusetts Military Reservation (Camp Edwards 3)","2",-70.5459281796,41.6895167173,2017
"Masachusetts Military Reservation (Camp Edwards 3)","3",-70.5437737325,41.6850814764,2017
"Masachusetts Military Reservation (Camp Edwards 3)","4",-70.550677117,41.6817707131,2017
"Masachusetts Military Reservation (Camp Edwards 3)","5",-70.5598971283,41.6825681692,2017
"Masachusetts Military Reservation (Camp Edwards 3)","6",-70.564059601,41.6789062401,2017
"Masachusetts Military Reservation (Camp Edwards 3)","7",-70.5729424646,41.6812334143,2017
"Masachusetts Military Reservation (Camp Edwards 3)","8",-70.5655510102,41.6872661017,2017
"Masachusetts Military Reservation (Camp Edwards 3)","9",-70.5777178349,41.6855322714,2017
"Masachusetts Military Reservation (Camp Edwards 3)","10",-70.5802179916,41.6911891111,2017
"Masachusetts Military Reservation (Camp Edwards 3)","11",-70.5767003044,41.6999618398,2017
"Masachusetts Military Reservation (Camp Edwards 3)","12",-70.5709610984,41.7081327569,2017
"Masachusetts Military Reservation (Camp Edwards 3)","13",-70.5668854011,41.7044861105,2017
"Camp Curtis Guild","1",-71.07848,42.52919,2017
"Camp Curtis Guild","2",-71.07238,42.53772,2017
"Camp Curtis Guild","3",-71.07275,42.54718,2017
"Camp Curtis Guild","4",-71.06694,42.55691,2017
"Douglas State Forest","5",-71.804676,42.0573,2017
"Douglas State Forest","6",-71.828271,42.058246,2017
"Douglas State Forest","7",-71.850004,42.069911,2017
"Douglas State Forest","8",-71.841482,42.08301,2017
"Douglas State Forest","9",-71.825721,42.096185,2017
"Douglas State Forest","10",-71.794909,42.072624,2017
"Nantucket SE - South Pastures","1",-70.005608,41.242599,2017
"Nantucket SE - South Pastures","2",-70.025504,41.242268,2017
"Nantucket SE - South Pastures","3",-70.036891,41.255938,2017
"Nantucket SE - South Pastures","4",-70.046679,41.249651,2017
"Nantucket SE - South Pastures","5",-70.069795,41.246769,2017
"Nantucket SW","1",-70.1447138888889,41.2809194444444,2017
"Nantucket SW","2",-70.1563444444444,41.269025,2017
"Nantucket SW","3",-70.1763055555555,41.2660888888888,2017
"Nantucket SW","4",-70.183025,41.2858777777777,2017
"Nantucket SW","5",-70.1658888888889,41.2929527777777,2017
"Nantucket SW","6",-70.1265027777777,41.2897138888888,2017
"Wendell (Tornado Site)","1",-72.483211,42.577002,2017
"Wendell (Tornado Site)","2",-72.469642,42.565121,2017
"Wendell (Tornado Site)","3",-72.463549,42.549757,2017
"Wendell (Tornado Site)","4",-72.445407,42.55552,2017
"Wendell (Tornado Site)","5",-72.4254,42.553174,2017
"Wendell (Tornado Site)","6",-72.407622,42.547443,2017
"Wendell (Tornado Site)","7",-72.38491,42.547069,2017
"Wendell (Tornado Site)","8",-72.375015,42.534148,2017
"Wendell (Tornado Site)","9",-72.354549,42.538426,2017
"Wendell (Tornado Site)","10",-72.33899,42.530406,2017
"Montague Plains","1",-72.5270300088,42.5961950255,2018
"Montague Plains","2",-72.5047560797,42.5903883659,2018
"Montague Plains","3",-72.5226672903,42.581655786,2018
"Montague Plains","4",-72.5137111971,42.5699199409,2018
"Montague Plains","5",-72.5229083347,42.5567852049,2018
"Montague Plains","6",-72.5358550457,42.5681987796,2018
"Montague Plains","7",-72.5550256879,42.5737419987,2018
"Montague Plains","8",-72.5503148438,42.5601365074,2018
"Montague Plains","9",-72.534557325,42.5441040986,2018
"Montague Plains","10",-72.5123584426,42.5441479786,2018
"Mt. Tekoa","1",-72.8161936986,42.2125753847,2018
"Mt. Tekoa","2",-72.7992774674,42.2067050709,2018
"Mt. Tekoa","3",-72.7878486986,42.1602278592,2018
"Mt. Tekoa","4",-72.8227830375,42.163379039,2018
"Mt. Tekoa","5",-72.8337781487,42.1763972377,2018
"Mt. Tekoa","6",-72.8486022656,42.1855235143,2018
"Mt. Tekoa","7",-72.8483079513,42.2118681928,2018
"Mt. Tekoa","8",-72.8384181037,42.1990095449,2018
"Mt. Tekoa","9",-72.8148866852,42.1977166736,2018
"Mt. Tekoa","10",-72.7998454806,42.1882493614,2018
"Tully Lake","1",-72.2325767677,42.6209047994,2018
"Tully Lake","2",-72.2457257042,42.6320488053,2018
"Tully Lake","3",-72.2451058131,42.6464202913,2018
"Tully Lake","4",-72.2616505136,42.6567746904,2018
"Tully Lake","5",-72.2736795886,42.6720413201,2018
"Tully Lake","6",-72.2555672497,42.678477986,2018
"Tully Lake","7",-72.2231790541,42.690740356,2018
"Tully Lake","8",-72.2080293228,42.6835158255,2018
"Tully Lake","9",-72.2100219527,42.6507279046,2018
"Tully Lake","10",-72.2248684398,42.640143238,2018
"Mashpee / Falmouth","1",-70.5809759059,41.6426990826,2018
"Mashpee / Falmouth","2",-70.5608920511,41.6350708678,2018
"Mashpee / Falmouth","3",-70.5424147386,41.6374219376,2018
"Mashpee / Falmouth","4",-70.5493347722,41.6166503652,2018
"Mashpee / Falmouth","5",-70.5310705942,41.6028685212,2018
"Mashpee / Falmouth","6",-70.5079060402,41.5924173324,2018
"Mashpee / Falmouth","7",-70.4850720244,41.621467421,2018
"Mashpee / Falmouth","8",-70.4880936157,41.5905137695,2018
"Mashpee / Falmouth","9",-70.4830918292,41.5739143637,2018
"Mashpee / Falmouth","10",-70.5023986886,41.5584197381,2018
"Devens, South Post","1",-71.6523407329,42.515679733,2018
"Devens, South Post","2",-71.6783910052,42.5052886828,2018
"Devens, South Post","3",-71.6795638963,42.4958924568,2018
"Devens, South Post","4",-71.6831319729,42.4822415315,2018
"Devens, South Post","5",-71.6573823289,42.4804412297,2018
"Devens, South Post","6",-71.6357533914,42.495698774,2018
"Devens, South Post","7",-71.6414891742,42.5055354844,2018
"Squannacook","1",-71.6859415639,42.6044961701,2018
"Squannacook","2",-71.6992493873,42.6367500095,2018
"Squannacook","3",-71.6882389706,42.6575993742,2018
"Squannacook","4",-71.6678800644,42.6513050189,2018
"Squannacook","5",-71.6829816268,42.6241470799,2018
"Squannacook","6",-71.6665056622,42.6321854907,2018
"Squannacook","7",-71.6578112068,42.6218593059,2018
"Squannacook","8",-71.6390376577,42.6169786957,2018
"Squannacook","9",-71.6503478054,42.6359686247,2018
"Squannacook","10",-71.6145337878,42.6199392313,2018
"Squannacook","11",-71.7091148285,42.6621477547,2018
"West Vineyard","1",-70.6914963501,41.4009435044,2018
"West Vineyard","2",-70.7091997664,41.394922926,2018
"West Vineyard","3",-70.7229227296,41.3852034536,2018
"West Vineyard","4",-70.7418785695,41.376742871,2018
"West Vineyard","5",-70.7520429815,41.3631624148,2018
"West Vineyard","6",-70.7552890161,41.3470327406,2018
"West Vineyard","7",-70.758101583,41.3313408831,2018
"West Vineyard","8",-70.7761267698,41.3253332174,2018
"West Vineyard","9",-70.7920502256,41.3367781794,2018
"West Vineyard","10",-70.7734342454,41.3078071824,2018
"Quabbin Reservoir","1",-72.3019318928,42.4838247112,2018
"Quabbin Reservoir","2",-72.3046495365,42.4792062737,2018
"Quabbin Reservoir","3",-72.3069330935,42.4940831785,2018
"Quabbin Reservoir","4",-72.3039308549,42.4916794581,2018
"Quabbin Reservoir","5",-72.3006791801,42.4936192994,2018
"Quabbin Reservoir","6",-72.2994061169,42.4953761751,2018
"Quabbin Reservoir","7",-72.2995111015,42.5036645222,2018
"Quabbin Reservoir","8",-72.3008061421,42.5096326786,2018
"Quabbin Reservoir","9",-72.3005961177,42.5111002282,2018
"Quabbin Reservoir","10",-72.2931673386,42.5021858665,2018
"Quabbin Reservoir","11",-72.2884007641,42.4988352757,2018
"Quabbin Reservoir","12",-72.285081164,42.501508178,2018
"Quabbin Reservoir","13",-72.277435677,42.499473637,2018
"Quabbin Reservoir","14",-72.3237519432,42.4341355321,2018
"Quabbin Reservoir","15",-72.3149469411,42.4479007666,2018
"Quabbin Reservoir","16",-72.2981287537,42.454616055,2018
"Quabbin Reservoir","17",-72.2947501629,42.4523838605,2018
"Quabbin Reservoir","18",-72.2897532195,42.4424937745,2018
"Quabbin Reservoir","19",-72.2866056525,42.4342825127,2018
"Quabbin Reservoir","20",-72.2860844132,42.4290982694,2018
"Quabbin Reservoir","21",-72.2815076127,42.4098442854,2018
"Quabbin Reservoir","22",-72.2647221312,42.4045164625,2018
"Quabbin Reservoir","23",-72.3483881141,42.3188602796,2018
"Quabbin Reservoir","24",-72.3155793743,42.3195265654,2018
"Quabbin Reservoir","25",-72.3037348238,42.3795690778,2018
"Quabbin Reservoir","26",-72.3252493576,42.3794167554,2018
"Quabbin Reservoir","27",-72.3164794557,42.3309903187,2018
"Massachusetts Military Reservation (Camp Edwards 3)","1 (19-01)",-70.569358,41.714403,2019
"Martha's Vineyard  - EAST (Chappaquiddick)","7",-70.5120807183,41.3625394076,2020
"Martha's Vineyard  - EAST (Chappaquiddick)","8",-70.5309353949,41.3553078264,2020
"Martha's Vineyard  - EAST (Chappaquiddick)","9",-70.5376292533,41.3728372093,2020
"Martha's Vineyard  - EAST (Chappaquiddick)","10",-70.5563834972,41.3765636402,2020
"Wachusett Reservoir Route","1",-71.7184944053,42.4062559899999,2020
"Wachusett Reservoir Route","2",-71.7375473258999,42.4000534185,2020
"Wachusett Reservoir Route","3",-71.7578899142999,42.4055313081,2020
"Wachusett Reservoir Route","4",-71.7417909194,42.3855783773,2020
"Wachusett Reservoir Route","5",-71.7595113053999,42.3771996384,2020
"Wachusett Reservoir Route","6",-71.7741659973,42.3646940205999,2020
"Wachusett Reservoir Route","7",-71.7622046439,42.3542955224,2020
"Wachusett Reservoir Route","8",-71.7272399412999,42.3704357283999,2020
"Wachusett Reservoir Route","9",-71.744567329,42.3580610251,2020
"Wachusett Reservoir Route","10",-71.7201329722,42.3799245139,2020
"Bare Heath Focus  / Habitat Restoration Area","1",-72.045796,42.435816,2020
"New Salem Barrens Focus  / Habitat Restoration Area","1",-72.294068,42.528205,2020
"New Salem Young Forst  Focus  / Habitat Restoration Area","1",-72.279591,42.521431,2020
"Martha's Vineyard  - EAST (Chappaquiddick)","1",-70.459844,41.3551749,2021
"Martha's Vineyard  - EAST (Chappaquiddick)","2",-70.475632,41.369134,2021
"Martha's Vineyard  - EAST (Chappaquiddick)","3",-70.49285,41.3736924,2021
"Martha's Vineyard  - EAST (Chappaquiddick)","4",-70.4690153,41.3951343,2021
"Martha's Vineyard  - EAST (Chappaquiddick)","6",-70.457592,41.3757581,2021
"Martha's Vineyard  - EAST (Chappaquiddick)","7",-70.4770817,41.3747232,2021
"Martha's Vineyard  - EAST (Chappaquiddick)","8",-70.448723,41.396689,2021
"Martha's Vineyard  - EAST (Chappaquiddick)","9",-70.453895,41.4171013,2021
"Wachusett Reservoir Route","1",-71.71849522,42.40626465,2021
"Wachusett Reservoir Route","2",-71.73839926,42.4024819,2021
"Wachusett Reservoir Route","3",-71.73665516,42.38705302,2021
"Wachusett Reservoir Route","4",-71.75498087,42.37552661,2021
"Wachusett Reservoir Route","5",-71.75789074,42.40553997,2021
"Wachusett Reservoir Route","6",-71.77416682,42.36470267,2021
"Wachusett Reservoir Route","7",-71.76220546,42.35430417,2021
"Wachusett Reservoir Route","8",-71.74456814,42.35806968,2021
"Wachusett Reservoir Route","9",-71.72956924,42.37046792,2021
"Wachusett Reservoir Route","10",-71.72166246,42.37910694,2021
"Nantucket SW (WEST Nantucket)","1",-70.1368057695,41.2826200533,2021
"Nantucket SW (WEST Nantucket)","2",-70.1566033614,41.2690876945,2021
"Nantucket SW (WEST Nantucket)","3",-70.1761673959,41.2660953284,2021
"Nantucket SW (WEST Nantucket)","4",-70.1540149624,41.2903634122,2021
"Nantucket SW (WEST Nantucket)","5",-70.1788395545,41.2912091783,2021
"Nantucket SW (WEST Nantucket)","6",-70.1265356175,41.2895157927,2021
"Old Sandwich Road, Plymouth (Pine Hills)","1",-70.558889,41.8275,2022
"Old Sandwich Road, Plymouth (Pine Hills)","2",-70.548333,41.843333,2022
"Old Sandwich Road, Plymouth (Pine Hills)","3",-70.5525,41.853333,2022
"Old Sandwich Road, Plymouth (Pine Hills)","4",-70.573333,41.875278,2022
"Old Sandwich Road, Plymouth (Pine Hills)","5",-70.588056,41.880833,2022
"Old Sandwich Road, Plymouth (Pine Hills)","6",-70.598056,41.89,2022
"Old Sandwich Road, Plymouth (Pine Hills)","7",-70.605556,41.903333,2022
"Old Sandwich Road, Plymouth (Pine Hills)","8",-70.605275,41.914719,2022
"Old Sandwich Road, Plymouth (Pine Hills)","9",-70.605833,41.928889,2022
"Old Sandwich Road, Plymouth (Pine Hills)","10",-70.586111,41.935278,2022
"Martha's Vineyard  - EAST (Chappaquiddick)","10",-70.455244,41.352744,2022
"Quinapoxet River, Holden (Forestry lot scouting observations)","1",-71.874925,42.381946,2022
"Quinapoxet River, Holden (Forestry lot scouting observations)","2",-71.865813,42.388516,2022
"Quinapoxet River, Holden (Forestry lot scouting observations)","3",-71.825996,42.378327,2022
"Quinapoxet River, Holden (Forestry lot scouting observations)","4",-71.830665,42.372797,2022
"Quinapoxet River, Holden (Forestry lot scouting observations)","5",-71.827746,42.371128,2022
"Quinapoxet River, Holden (Forestry lot scouting observations)","6",-71.82992,42.366423,2022
"Parker River NWR","4",-70.67977,42.7469,2022
